{"p_phishing": {"adjunt": 0.05, "apple": 0.1, "bien": 0.05, "bloqu": 0.1, "buen": 0.05, "corre": 0.05, "deb": 0.1, "desbloqu": 0.1, "dolar": 0.1, "empez": 0.05, "format": 0.05, "gan": 0.1, "id": 0.1, "ident": 0.1, "lot": 0.1, "medi": 0.05, "miercol": 0.05, "nacional": 0.1, "practic": 0.05, "preci": 0.1, "present": 0.05, "primer": 0.05, "pront": 0.05, "qued": 0.05, "razon": 0.1, "reclam": 0.1, "rein": 0.1, "respond": 0.1, "salud": 0.05, "segur": 0.1, "tard": 0.05, "unid": 0.1, "verific": 0.1}, "p_ham": {"adjunt": 0.11764705882352941, "apple": 0.058823529411764705, "bien": 0.11764705882352941, "bloqu": 0.058823529411764705, "buen": 0.11764705882352941, "corre": 0.11764705882352941, "deb": 0.058823529411764705, "desbloqu": 0.058823529411764705, "dolar": 0.058823529411764705, "empez": 0.11764705882352941, "format": 0.11764705882352941, "gan": 0.058823529411764705, "id": 0.058823529411764705, "ident": 0.058823529411764705, "lot": 0.058823529411764705, "medi": 0.11764705882352941, "miercol": 0.11764705882352941, "nacional": 0.058823529411764705, "practic": 0.11764705882352941, "preci": 0.058823529411764705, "present": 0.11764705882352941, "primer": 0.11764705882352941, "pront": 0.11764705882352941, "qued": 0.11764705882352941, "razon": 0.058823529411764705, "reclam": 0.058823529411764705, "rein": 0.058823529411764705, "respond": 0.058823529411764705, "salud": 0.11764705882352941, "segur": 0.058823529411764705, "tard": 0.11764705882352941, "unid": 0.058823529411764705, "verific": 0.058823529411764705}, "prior_phishing": 0.5, "prior_ham": 0.5}